{"cameraMode":{"drawMode":0,"name":"Shaded","section":"Shading Mode"},"sceneLighting":true,"audioPlay":false,"sceneViewState":{"showFog":false,"showMaterialUpdate":false,"showSkybox":false,"showFlares":false,"showImageEffects":false,"showParticleSystems":false},"in2DMode":false,"pivot":{"x":1.101300597190857,"y":-1.9254119396209717,"z":-1.1863088607788087},"rotation":{"x":-0.2727716267108917,"y":0.016447721049189569,"z":-0.004668239038437605,"w":-0.9619424343109131},"size":9.888163566589356,"orthographic":false}